{
  "args": {
    "root": "/home/raoxuan/projects/data/X-TAIL/",
    "task_sequence": [
      "aircraft",
      "caltech101",
      "dtd",
      "eurosat",
      "flowers",
      "food101",
      "mnist",
      "oxford_pets",
      "stanford_cars",
      "sun397"
    ],
    "num_shots": 16,
    "full_shot": false,
    "method": "lora_vanilla",
    "batch_size": 32,
    "iterations": 800,
    "lr": 0.0001,
    "weight_decay": 3e-05,
    "lora_rank": 4,
    "nsp_eps": 0.05,
    "nsp_weight": 0.02,
    "weight_temp": 1.0,
    "weight_kind": "log1p",
    "weight_p": 1.0,
    "fd_weight": 1.0,
    "cd_weight": 1.0,
    "reference_dataset": "flickr8k",
    "reference_batch_size": 32,
    "num_workers": 4,
    "enable_ood_eval": false,
    "output_dir": "experiments/main_parallel_20260315_151605/lora_vanilla",
    "seed": 42,
    "device": "cuda",
    "lora_type": "lora_vanilla",
    "lora_alpha": 4
  },
  "metrics": {
    "transfer": 62.295723104056435,
    "average": 68.481,
    "last": 74.11999999999999
  },
  "per_task_metrics": {
    "aircraft": {
      "transfer": 0.0,
      "average": 32.43000000000001,
      "last": 29.7
    },
    "caltech101": {
      "transfer": 91.9,
      "average": 94.63,
      "last": 93.7
    },
    "dtd": {
      "transfer": 42.4,
      "average": 59.850000000000016,
      "last": 56.99999999999999
    },
    "eurosat": {
      "transfer": 30.46666666666667,
      "average": 61.029999999999994,
      "last": 68.10000000000001
    },
    "flowers": {
      "transfer": 61.349999999999994,
      "average": 77.02,
      "last": 80.9
    },
    "food101": {
      "transfer": 81.49999999999999,
      "average": 83.05,
      "last": 83.7
    },
    "mnist": {
      "transfer": 52.81666666666668,
      "average": 70.6,
      "last": 97.1
    },
    "oxford_pets": {
      "transfer": 84.41428571428571,
      "average": 86.22999999999999,
      "last": 90.8
    },
    "stanford_cars": {
      "transfer": 53.325,
      "average": 56.589999999999996,
      "last": 68.8
    },
    "sun397": {
      "transfer": 62.48888888888888,
      "average": 63.379999999999995,
      "last": 71.39999999999999
    }
  },
  "forgetting_rate": -14.28888888888889,
  "accuracy_matrix": [
    [
      0.404,
      0.919,
      0.441,
      0.339,
      0.664,
      0.823,
      0.563,
      0.862,
      0.53,
      0.612
    ],
    [
      0.346,
      0.961,
      0.407,
      0.334,
      0.62,
      0.824,
      0.526,
      0.849,
      0.52,
      0.62
    ],
    [
      0.31,
      0.947,
      0.702,
      0.241,
      0.575,
      0.819,
      0.487,
      0.822,
      0.525,
      0.614
    ],
    [
      0.329,
      0.953,
      0.688,
      0.896,
      0.595,
      0.811,
      0.508,
      0.835,
      0.559,
      0.658
    ],
    [
      0.298,
      0.95,
      0.653,
      0.806,
      0.946,
      0.798,
      0.535,
      0.834,
      0.545,
      0.626
    ],
    [
      0.306,
      0.95,
      0.658,
      0.685,
      0.895,
      0.859,
      0.55,
      0.857,
      0.541,
      0.636
    ],
    [
      0.344,
      0.952,
      0.626,
      0.757,
      0.904,
      0.851,
      0.972,
      0.85,
      0.525,
      0.616
    ],
    [
      0.312,
      0.946,
      0.622,
      0.686,
      0.849,
      0.842,
      0.972,
      0.903,
      0.521,
      0.618
    ],
    [
      0.297,
      0.948,
      0.618,
      0.678,
      0.845,
      0.841,
      0.976,
      0.903,
      0.705,
      0.624
    ],
    [
      0.297,
      0.937,
      0.57,
      0.681,
      0.809,
      0.837,
      0.971,
      0.908,
      0.688,
      0.714
    ]
  ]
}