{
  "classifier_type": "ensemble",
  "alpha": 0.75,
  "id_accuracy": 0.30033333333333334,
  "ood_accuracy": 0.9526854654947917,
  "combined_score": 0.6265093994140625
}