{
  "classifier_type": "ensemble",
  "alpha": 0.55,
  "id_accuracy": 0.30033333333333334,
  "ood_accuracy": 0.9185698852539063,
  "combined_score": 0.6094516092936197
}