{
  "experiment_name": "Table 3: OOD Detector Comparison",
  "id_datasets": [
    "caltech101",
    "flowers",
    "oxford_pets"
  ],
  "ood_datasets": [
    "dtd",
    "eurosat",
    "mnist"
  ],
  "ood_threshold": 0.993,
  "results": {
    "mahalanobis": {
      "classifier_type": "adaptive_routing",
      "ood_detector_type": "mahalanobis",
      "ood_threshold": 0.993,
      "id_accuracy": 0.029666666666666668,
      "ood_accuracy": 1917.185302734375,
      "ood_metrics": {
        "auroc": 0.8730606666666666,
        "fpr_at_95_tpr": 0.30966666666666665,
        "detection_error": 0.1753333333333333,
        "optimal_threshold": 1126.242431640625
      },
      "combined_score": 958.6074829101562
    },
    "lda": {
      "classifier_type": "adaptive_routing",
      "ood_detector_type": "lda",
      "ood_threshold": 0.993,
      "id_accuracy": 0.28633333333333333,
      "ood_accuracy": 0.993668794631958,
      "ood_metrics": {
        "auroc": 0.9869545,
        "fpr_at_95_tpr": 0.05433333333333333,
        "detection_error": 0.049166666666666664,
        "optimal_threshold": 0.9930546879768372
      },
      "combined_score": 0.6400010585784912
    },
    "qda": {
      "classifier_type": "adaptive_routing",
      "ood_detector_type": "qda",
      "ood_threshold": 0.993,
      "id_accuracy": 0.07666666666666666,
      "ood_accuracy": 0.9947903752326965,
      "ood_metrics": {
        "auroc": 0.9914301111111111,
        "fpr_at_95_tpr": 0.035333333333333335,
        "detection_error": 0.03316666666666667,
        "optimal_threshold": 0.9943418502807617
      },
      "combined_score": 0.5357285141944885
    },
    "lr_rgda": {
      "classifier_type": "adaptive_routing",
      "ood_detector_type": "lr_rgda",
      "ood_threshold": 0.993,
      "id_accuracy": 0.07666666666666666,
      "ood_accuracy": 0.9947901368141174,
      "ood_metrics": {
        "auroc": 0.9914285,
        "fpr_at_95_tpr": 0.035333333333333335,
        "detection_error": 0.03333333333333333,
        "optimal_threshold": 0.9943467974662781
      },
      "combined_score": 0.535728394985199
    }
  }
}