{
  "task_names": [
    "aircraft",
    "caltech101",
    "dtd",
    "eurosat",
    "flowers",
    "food101",
    "mnist",
    "oxford_pets",
    "stanford_cars",
    "sun397"
  ],
  "accuracy_matrix": [
    [
      0.222,
      0.941,
      0.453,
      0.365,
      0.647,
      0.848,
      0.538,
      0.851,
      0.573,
      0.628
    ],
    [
      -1.0,
      -1.0,
      -1.0,
      -1.0,
      -1.0,
      -1.0,
      -1.0,
      -1.0,
      -1.0,
      -1.0
    ],
    [
      -1.0,
      -1.0,
      -1.0,
      -1.0,
      -1.0,
      -1.0,
      -1.0,
      -1.0,
      -1.0,
      -1.0
    ],
    [
      -1.0,
      -1.0,
      -1.0,
      -1.0,
      -1.0,
      -1.0,
      -1.0,
      -1.0,
      -1.0,
      -1.0
    ],
    [
      -1.0,
      -1.0,
      -1.0,
      -1.0,
      -1.0,
      -1.0,
      -1.0,
      -1.0,
      -1.0,
      -1.0
    ],
    [
      -1.0,
      -1.0,
      -1.0,
      -1.0,
      -1.0,
      -1.0,
      -1.0,
      -1.0,
      -1.0,
      -1.0
    ],
    [
      -1.0,
      -1.0,
      -1.0,
      -1.0,
      -1.0,
      -1.0,
      -1.0,
      -1.0,
      -1.0,
      -1.0
    ],
    [
      -1.0,
      -1.0,
      -1.0,
      -1.0,
      -1.0,
      -1.0,
      -1.0,
      -1.0,
      -1.0,
      -1.0
    ],
    [
      -1.0,
      -1.0,
      -1.0,
      -1.0,
      -1.0,
      -1.0,
      -1.0,
      -1.0,
      -1.0,
      -1.0
    ],
    [
      -1.0,
      -1.0,
      -1.0,
      -1.0,
      -1.0,
      -1.0,
      -1.0,
      -1.0,
      -1.0,
      -1.0
    ]
  ],
  "summary": {
    "transfer": 64.93333333333334,
    "average": 60.660000000000004,
    "last": 0.0
  },
  "per_task_metrics": {
    "aircraft": {
      "transfer": 0.0,
      "average": 22.2,
      "last": 0.0
    },
    "caltech101": {
      "transfer": 94.1,
      "average": 94.1,
      "last": 0.0
    },
    "dtd": {
      "transfer": 45.300000000000004,
      "average": 45.300000000000004,
      "last": 0.0
    },
    "eurosat": {
      "transfer": 36.5,
      "average": 36.5,
      "last": 0.0
    },
    "flowers": {
      "transfer": 64.7,
      "average": 64.7,
      "last": 0.0
    },
    "food101": {
      "transfer": 84.8,
      "average": 84.8,
      "last": 0.0
    },
    "mnist": {
      "transfer": 53.800000000000004,
      "average": 53.800000000000004,
      "last": 0.0
    },
    "oxford_pets": {
      "transfer": 85.1,
      "average": 85.1,
      "last": 0.0
    },
    "stanford_cars": {
      "transfer": 57.3,
      "average": 57.3,
      "last": 0.0
    },
    "sun397": {
      "transfer": 62.8,
      "average": 62.8,
      "last": 0.0
    }
  }
}