{
  "classifier_type": "ensemble",
  "alpha": 0.7,
  "id_accuracy": 0.30033333333333334,
  "ood_accuracy": 0.9441569620768229,
  "combined_score": 0.6222451477050781
}