{
  "classifier_type": "ensemble",
  "alpha": 0.8,
  "id_accuracy": 0.30033333333333334,
  "ood_accuracy": 0.9612135213216145,
  "combined_score": 0.6307734273274739
}