{
  "classifier_type": "ensemble",
  "alpha": 0.575,
  "id_accuracy": 0.30033333333333334,
  "ood_accuracy": 0.9228345133463541,
  "combined_score": 0.6115839233398437
}