{
  "args": {
    "root": "/home/raoxuan/projects/data/X-TAIL/",
    "task_sequence": [
      "aircraft",
      "caltech101",
      "dtd",
      "eurosat",
      "flowers",
      "food101",
      "mnist",
      "oxford_pets",
      "stanford_cars",
      "sun397"
    ],
    "num_shots": 16,
    "full_shot": false,
    "method": "lora_nsp",
    "batch_size": 32,
    "iterations": 800,
    "lr": 0.0001,
    "weight_decay": 3e-05,
    "lora_rank": 4,
    "nsp_eps": 0.05,
    "nsp_weight": 0.02,
    "weight_temp": 1.0,
    "weight_kind": "log1p",
    "weight_p": 1.0,
    "fd_weight": 1.0,
    "cd_weight": 1.0,
    "reference_dataset": "flickr8k",
    "reference_batch_size": 32,
    "num_workers": 4,
    "enable_ood_eval": false,
    "output_dir": "experiments/main_parallel_20260315_151605/lora_nsp",
    "seed": 42,
    "device": "cuda",
    "lora_type": "lora_nsp"
  },
  "metrics": {
    "transfer": 62.99699294532627,
    "average": 68.53200000000001,
    "last": 74.11
  },
  "per_task_metrics": {
    "aircraft": {
      "transfer": 0.0,
      "average": 31.209999999999997,
      "last": 29.4
    },
    "caltech101": {
      "transfer": 92.2,
      "average": 94.10000000000001,
      "last": 93.8
    },
    "dtd": {
      "transfer": 44.25,
      "average": 59.489999999999995,
      "last": 57.8
    },
    "eurosat": {
      "transfer": 32.03333333333333,
      "average": 62.69,
      "last": 65.8
    },
    "flowers": {
      "transfer": 62.150000000000006,
      "average": 76.95,
      "last": 82.39999999999999
    },
    "food101": {
      "transfer": 82.14,
      "average": 83.52999999999999,
      "last": 85.2
    },
    "mnist": {
      "transfer": 55.58333333333333,
      "average": 71.85,
      "last": 96.1
    },
    "oxford_pets": {
      "transfer": 84.38571428571429,
      "average": 86.55999999999999,
      "last": 90.7
    },
    "stanford_cars": {
      "transfer": 51.974999999999994,
      "average": 55.61999999999999,
      "last": 67.0
    },
    "sun397": {
      "transfer": 62.25555555555557,
      "average": 63.32000000000001,
      "last": 72.89999999999999
    }
  },
  "forgetting_rate": -13.622222222222218,
  "accuracy_matrix": [
    [
      0.362,
      0.922,
      0.449,
      0.363,
      0.679,
      0.845,
      0.578,
      0.826,
      0.516,
      0.616
    ],
    [
      0.326,
      0.957,
      0.436,
      0.363,
      0.63,
      0.829,
      0.482,
      0.842,
      0.527,
      0.611
    ],
    [
      0.293,
      0.935,
      0.712,
      0.235,
      0.555,
      0.795,
      0.528,
      0.834,
      0.482,
      0.62
    ],
    [
      0.329,
      0.948,
      0.659,
      0.901,
      0.622,
      0.813,
      0.596,
      0.849,
      0.511,
      0.637
    ],
    [
      0.305,
      0.93,
      0.634,
      0.803,
      0.939,
      0.825,
      0.581,
      0.843,
      0.519,
      0.636
    ],
    [
      0.305,
      0.934,
      0.629,
      0.757,
      0.896,
      0.852,
      0.57,
      0.857,
      0.535,
      0.612
    ],
    [
      0.316,
      0.953,
      0.643,
      0.774,
      0.877,
      0.852,
      0.966,
      0.856,
      0.53,
      0.633
    ],
    [
      0.301,
      0.943,
      0.601,
      0.703,
      0.846,
      0.851,
      0.956,
      0.914,
      0.538,
      0.596
    ],
    [
      0.29,
      0.95,
      0.608,
      0.712,
      0.827,
      0.839,
      0.967,
      0.928,
      0.734,
      0.642
    ],
    [
      0.294,
      0.938,
      0.578,
      0.658,
      0.824,
      0.852,
      0.961,
      0.907,
      0.67,
      0.729
    ]
  ]
}