{
  "args": {
    "root": "/home/raoxuan/projects/data/X-TAIL/",
    "task_sequence": [
      "aircraft",
      "caltech101",
      "dtd",
      "eurosat",
      "flowers",
      "food101",
      "mnist",
      "oxford_pets",
      "stanford_cars",
      "sun397"
    ],
    "num_shots": 16,
    "full_shot": false,
    "method": "lora_nsp",
    "batch_size": 32,
    "iterations": 800,
    "lr": 0.0001,
    "weight_decay": 3e-05,
    "lora_rank": 4,
    "nsp_eps": 0.05,
    "nsp_weight": 0.02,
    "weight_temp": 1.0,
    "weight_kind": "log1p",
    "weight_p": 1.0,
    "fd_weight": 1.0,
    "cd_weight": 1.0,
    "reference_dataset": "flickr8k",
    "reference_batch_size": 32,
    "num_workers": 4,
    "enable_ood_eval": false,
    "output_dir": "experiments/main_parallel_20260315_115358/lora_nsp",
    "seed": 42,
    "device": "cuda",
    "lora_type": "lora_nsp"
  },
  "metrics": {
    "transfer": 62.96451940035275,
    "average": 65.596,
    "last": 70.24999999999999
  },
  "per_task_metrics": {
    "aircraft": {
      "transfer": 0.0,
      "average": 22.84,
      "last": 25.1
    },
    "caltech101": {
      "transfer": 92.9,
      "average": 93.9,
      "last": 93.5
    },
    "dtd": {
      "transfer": 42.05,
      "average": 54.46000000000001,
      "last": 53.300000000000004
    },
    "eurosat": {
      "transfer": 32.6,
      "average": 54.03,
      "last": 55.60000000000001
    },
    "flowers": {
      "transfer": 62.4,
      "average": 71.75,
      "last": 72.39999999999999
    },
    "food101": {
      "transfer": 82.34,
      "average": 83.43,
      "last": 83.8
    },
    "mnist": {
      "transfer": 54.78333333333333,
      "average": 70.38,
      "last": 92.0
    },
    "oxford_pets": {
      "transfer": 85.11428571428571,
      "average": 86.52,
      "last": 87.6
    },
    "stanford_cars": {
      "transfer": 52.4375,
      "average": 55.620000000000005,
      "last": 67.4
    },
    "sun397": {
      "transfer": 62.055555555555564,
      "average": 63.03000000000001,
      "last": 71.8
    }
  },
  "forgetting_rate": -10.355555555555556,
  "accuracy_matrix": [
    [
      0.36,
      0.929,
      0.432,
      0.347,
      0.654,
      0.82,
      0.55,
      0.843,
      0.537,
      0.618
    ],
    [
      0.21,
      0.959,
      0.409,
      0.357,
      0.644,
      0.828,
      0.519,
      0.852,
      0.5,
      0.622
    ],
    [
      0.171,
      0.948,
      0.688,
      0.274,
      0.561,
      0.836,
      0.525,
      0.855,
      0.48,
      0.608
    ],
    [
      0.223,
      0.943,
      0.634,
      0.906,
      0.637,
      0.838,
      0.548,
      0.854,
      0.554,
      0.621
    ],
    [
      0.219,
      0.929,
      0.598,
      0.758,
      0.922,
      0.795,
      0.566,
      0.841,
      0.531,
      0.607
    ],
    [
      0.205,
      0.944,
      0.562,
      0.739,
      0.834,
      0.857,
      0.579,
      0.851,
      0.534,
      0.637
    ],
    [
      0.223,
      0.951,
      0.563,
      0.699,
      0.793,
      0.859,
      0.962,
      0.862,
      0.542,
      0.632
    ],
    [
      0.21,
      0.909,
      0.492,
      0.332,
      0.677,
      0.821,
      0.93,
      0.905,
      0.517,
      0.625
    ],
    [
      0.212,
      0.943,
      0.535,
      0.435,
      0.729,
      0.851,
      0.939,
      0.913,
      0.693,
      0.615
    ],
    [
      0.251,
      0.935,
      0.533,
      0.556,
      0.724,
      0.838,
      0.92,
      0.876,
      0.674,
      0.718
    ]
  ]
}