{
  "classifier_type": "ensemble",
  "alpha": 0.525,
  "id_accuracy": 0.30033333333333334,
  "ood_accuracy": 0.9143051961263021,
  "combined_score": 0.6073192647298178
}