{
  "task_names": [
    "aircraft",
    "caltech101",
    "dtd",
    "eurosat",
    "flowers",
    "food101",
    "mnist",
    "oxford_pets",
    "stanford_cars",
    "sun397"
  ],
  "accuracy_matrix": [
    [
      0.21,
      0.929,
      0.452,
      0.394,
      0.649,
      0.829,
      0.514,
      0.839,
      0.635,
      0.603
    ],
    [
      -1.0,
      -1.0,
      -1.0,
      -1.0,
      -1.0,
      -1.0,
      -1.0,
      -1.0,
      -1.0,
      -1.0
    ],
    [
      -1.0,
      -1.0,
      -1.0,
      -1.0,
      -1.0,
      -1.0,
      -1.0,
      -1.0,
      -1.0,
      -1.0
    ],
    [
      -1.0,
      -1.0,
      -1.0,
      -1.0,
      -1.0,
      -1.0,
      -1.0,
      -1.0,
      -1.0,
      -1.0
    ],
    [
      -1.0,
      -1.0,
      -1.0,
      -1.0,
      -1.0,
      -1.0,
      -1.0,
      -1.0,
      -1.0,
      -1.0
    ],
    [
      -1.0,
      -1.0,
      -1.0,
      -1.0,
      -1.0,
      -1.0,
      -1.0,
      -1.0,
      -1.0,
      -1.0
    ],
    [
      -1.0,
      -1.0,
      -1.0,
      -1.0,
      -1.0,
      -1.0,
      -1.0,
      -1.0,
      -1.0,
      -1.0
    ],
    [
      -1.0,
      -1.0,
      -1.0,
      -1.0,
      -1.0,
      -1.0,
      -1.0,
      -1.0,
      -1.0,
      -1.0
    ],
    [
      -1.0,
      -1.0,
      -1.0,
      -1.0,
      -1.0,
      -1.0,
      -1.0,
      -1.0,
      -1.0,
      -1.0
    ],
    [
      -1.0,
      -1.0,
      -1.0,
      -1.0,
      -1.0,
      -1.0,
      -1.0,
      -1.0,
      -1.0,
      -1.0
    ]
  ],
  "summary": {
    "transfer": 64.93333333333334,
    "average": 60.53999999999999,
    "last": 0.0
  },
  "per_task_metrics": {
    "aircraft": {
      "transfer": 0.0,
      "average": 21.0,
      "last": 0.0
    },
    "caltech101": {
      "transfer": 92.9,
      "average": 92.9,
      "last": 0.0
    },
    "dtd": {
      "transfer": 45.2,
      "average": 45.2,
      "last": 0.0
    },
    "eurosat": {
      "transfer": 39.4,
      "average": 39.4,
      "last": 0.0
    },
    "flowers": {
      "transfer": 64.9,
      "average": 64.9,
      "last": 0.0
    },
    "food101": {
      "transfer": 82.89999999999999,
      "average": 82.89999999999999,
      "last": 0.0
    },
    "mnist": {
      "transfer": 51.4,
      "average": 51.4,
      "last": 0.0
    },
    "oxford_pets": {
      "transfer": 83.89999999999999,
      "average": 83.89999999999999,
      "last": 0.0
    },
    "stanford_cars": {
      "transfer": 63.5,
      "average": 63.5,
      "last": 0.0
    },
    "sun397": {
      "transfer": 60.3,
      "average": 60.3,
      "last": 0.0
    }
  }
}