{
  "classifier_type": "adaptive_routing",
  "ood_detector_type": "lr_rgda",
  "ood_threshold": 0.993,
  "id_accuracy": 0.07666666666666666,
  "ood_accuracy": 0.9947901368141174,
  "ood_metrics": {
    "auroc": 0.9914285,
    "fpr_at_95_tpr": 0.035333333333333335,
    "detection_error": 0.03333333333333333,
    "optimal_threshold": 0.9943467974662781
  },
  "combined_score": 0.535728394985199
}