{
  "classifier_type": "ensemble",
  "alpha": 0.775,
  "id_accuracy": 0.30033333333333334,
  "ood_accuracy": 0.9569495849609375,
  "combined_score": 0.6286414591471354
}