{
  "classifier_type": "ensemble",
  "alpha": 0.675,
  "id_accuracy": 0.30033333333333334,
  "ood_accuracy": 0.9398926595052083,
  "combined_score": 0.6201129964192709
}