{
  "classifier_type": "ensemble",
  "alpha": 0.65,
  "id_accuracy": 0.30033333333333334,
  "ood_accuracy": 0.9356282145182292,
  "combined_score": 0.6179807739257812
}