{
  "classifier_type": "ensemble",
  "alpha": 0.6,
  "id_accuracy": 0.30033333333333334,
  "ood_accuracy": 0.9270991617838542,
  "combined_score": 0.6137162475585938
}