{
  "classifier_type": "adaptive_routing",
  "ood_detector_type": "lda",
  "ood_threshold": 0.993,
  "id_accuracy": 0.28633333333333333,
  "ood_accuracy": 0.993668794631958,
  "ood_metrics": {
    "auroc": 0.9869545,
    "fpr_at_95_tpr": 0.05433333333333333,
    "detection_error": 0.049166666666666664,
    "optimal_threshold": 0.9930546879768372
  },
  "combined_score": 0.6400010585784912
}