{
  "task_names": [
    "aircraft",
    "caltech101",
    "dtd",
    "eurosat",
    "flowers",
    "food101",
    "mnist",
    "oxford_pets",
    "stanford_cars",
    "sun397"
  ],
  "accuracy_matrix": [
    [
      0.223,
      0.925,
      0.445,
      0.377,
      0.647,
      0.835,
      0.559,
      0.85,
      0.606,
      0.629
    ],
    [
      -1.0,
      -1.0,
      -1.0,
      -1.0,
      -1.0,
      -1.0,
      -1.0,
      -1.0,
      -1.0,
      -1.0
    ],
    [
      -1.0,
      -1.0,
      -1.0,
      -1.0,
      -1.0,
      -1.0,
      -1.0,
      -1.0,
      -1.0,
      -1.0
    ],
    [
      -1.0,
      -1.0,
      -1.0,
      -1.0,
      -1.0,
      -1.0,
      -1.0,
      -1.0,
      -1.0,
      -1.0
    ],
    [
      -1.0,
      -1.0,
      -1.0,
      -1.0,
      -1.0,
      -1.0,
      -1.0,
      -1.0,
      -1.0,
      -1.0
    ],
    [
      -1.0,
      -1.0,
      -1.0,
      -1.0,
      -1.0,
      -1.0,
      -1.0,
      -1.0,
      -1.0,
      -1.0
    ],
    [
      -1.0,
      -1.0,
      -1.0,
      -1.0,
      -1.0,
      -1.0,
      -1.0,
      -1.0,
      -1.0,
      -1.0
    ],
    [
      -1.0,
      -1.0,
      -1.0,
      -1.0,
      -1.0,
      -1.0,
      -1.0,
      -1.0,
      -1.0,
      -1.0
    ],
    [
      -1.0,
      -1.0,
      -1.0,
      -1.0,
      -1.0,
      -1.0,
      -1.0,
      -1.0,
      -1.0,
      -1.0
    ],
    [
      -1.0,
      -1.0,
      -1.0,
      -1.0,
      -1.0,
      -1.0,
      -1.0,
      -1.0,
      -1.0,
      -1.0
    ]
  ],
  "summary": {
    "transfer": 65.25555555555555,
    "average": 60.96,
    "last": 0.0
  },
  "per_task_metrics": {
    "aircraft": {
      "transfer": 0.0,
      "average": 22.3,
      "last": 0.0
    },
    "caltech101": {
      "transfer": 92.5,
      "average": 92.5,
      "last": 0.0
    },
    "dtd": {
      "transfer": 44.5,
      "average": 44.5,
      "last": 0.0
    },
    "eurosat": {
      "transfer": 37.7,
      "average": 37.7,
      "last": 0.0
    },
    "flowers": {
      "transfer": 64.7,
      "average": 64.7,
      "last": 0.0
    },
    "food101": {
      "transfer": 83.5,
      "average": 83.5,
      "last": 0.0
    },
    "mnist": {
      "transfer": 55.900000000000006,
      "average": 55.900000000000006,
      "last": 0.0
    },
    "oxford_pets": {
      "transfer": 85.0,
      "average": 85.0,
      "last": 0.0
    },
    "stanford_cars": {
      "transfer": 60.6,
      "average": 60.6,
      "last": 0.0
    },
    "sun397": {
      "transfer": 62.9,
      "average": 62.9,
      "last": 0.0
    }
  }
}