{
  "args": {
    "root": "/home/raoxuan/projects/data/X-TAIL/",
    "task_sequence": [
      "aircraft",
      "caltech101",
      "dtd",
      "eurosat",
      "flowers",
      "food101",
      "mnist",
      "oxford_pets",
      "stanford_cars",
      "sun397"
    ],
    "num_shots": 16,
    "full_shot": false,
    "method": "lora_nsp",
    "batch_size": 32,
    "iterations": 800,
    "lr": 0.0001,
    "weight_decay": 3e-05,
    "lora_rank": 4,
    "nsp_eps": 0.05,
    "nsp_weight": 0.02,
    "weight_temp": 1.0,
    "weight_kind": "log1p",
    "weight_p": 1.0,
    "fd_weight": 1.0,
    "cd_weight": 1.0,
    "reference_dataset": "flickr8k",
    "reference_batch_size": 32,
    "num_workers": 4,
    "enable_ood_eval": false,
    "output_dir": "experiments/phase3/D_lora_nsp_only",
    "seed": 42,
    "device": "cuda",
    "lora_type": "lora_nsp"
  },
  "metrics": {
    "transfer": 62.50626102292769,
    "average": 68.339,
    "last": 74.46000000000001
  },
  "per_task_metrics": {
    "aircraft": {
      "transfer": 0.0,
      "average": 31.389999999999997,
      "last": 29.2
    },
    "caltech101": {
      "transfer": 92.9,
      "average": 94.67999999999999,
      "last": 96.0
    },
    "dtd": {
      "transfer": 42.15,
      "average": 58.71999999999999,
      "last": 57.8
    },
    "eurosat": {
      "transfer": 30.2,
      "average": 61.08,
      "last": 68.7
    },
    "flowers": {
      "transfer": 61.92500000000001,
      "average": 77.11,
      "last": 82.6
    },
    "food101": {
      "transfer": 83.0,
      "average": 84.39,
      "last": 84.39999999999999
    },
    "mnist": {
      "transfer": 51.2,
      "average": 69.26,
      "last": 95.7
    },
    "oxford_pets": {
      "transfer": 84.92857142857143,
      "average": 86.61999999999999,
      "last": 90.8
    },
    "stanford_cars": {
      "transfer": 54.47500000000001,
      "average": 57.57000000000001,
      "last": 69.69999999999999
    },
    "sun397": {
      "transfer": 61.777777777777786,
      "average": 62.57,
      "last": 69.69999999999999
    }
  },
  "forgetting_rate": -14.199999999999996,
  "accuracy_matrix": [
    [
      0.353,
      0.929,
      0.444,
      0.358,
      0.669,
      0.832,
      0.553,
      0.842,
      0.545,
      0.624
    ],
    [
      0.308,
      0.96,
      0.399,
      0.329,
      0.652,
      0.842,
      0.515,
      0.856,
      0.514,
      0.62
    ],
    [
      0.3,
      0.934,
      0.699,
      0.219,
      0.551,
      0.81,
      0.482,
      0.842,
      0.523,
      0.599
    ],
    [
      0.344,
      0.954,
      0.677,
      0.89,
      0.605,
      0.838,
      0.466,
      0.855,
      0.549,
      0.61
    ],
    [
      0.325,
      0.947,
      0.644,
      0.817,
      0.944,
      0.828,
      0.541,
      0.834,
      0.548,
      0.623
    ],
    [
      0.315,
      0.96,
      0.61,
      0.737,
      0.888,
      0.88,
      0.515,
      0.868,
      0.572,
      0.631
    ],
    [
      0.3,
      0.946,
      0.633,
      0.766,
      0.897,
      0.853,
      0.974,
      0.848,
      0.565,
      0.625
    ],
    [
      0.299,
      0.934,
      0.577,
      0.625,
      0.825,
      0.847,
      0.969,
      0.911,
      0.542,
      0.587
    ],
    [
      0.303,
      0.944,
      0.611,
      0.68,
      0.854,
      0.865,
      0.954,
      0.898,
      0.702,
      0.641
    ],
    [
      0.292,
      0.96,
      0.578,
      0.687,
      0.826,
      0.844,
      0.957,
      0.908,
      0.697,
      0.697
    ]
  ]
}